Sequence,Site 1,Site 2,Site 3,Intensity,Class
FYLH,156.331,135.068,102.151,131.1833333,A
FHYL,142.712,147.702,106.494,132.3026667,A
FHLY,104.422,143.628,141.98,130.01,A
YFLH,164.287,120.106,100.016,128.1363333,A
YHFL,139.795,124.653,98.716,121.0546667,B
YHLF,163.264,132.487,107.103,134.2846667,A
LYFH,144.91,134.393,112.149,130.484,A
LHYF,146.932,125.68,119.802,130.8046667,A
LHFY,139.278,138.96,115.582,131.2733333,A
HYLF,158.477,141.469,127.19,142.3786667,A
HFYL,142.873,128.603,116.779,129.4183333,A
HFLY,134.187,140.409,117.079,130.5583333,A
FYIH,148.946,148.321,102.698,133.3216667,A
FHYI,143.393,118.108,104.724,122.075,B
FHIY,154.642,146.01,103.8,134.8173333,A
YFIH,136.911,128.709,111.206,125.6086667,A
YHFI,144.178,132.652,97.9567,124.9289,A
YHIF,142.949,131.739,126.231,133.6396667,A
IYFH,142.185,139.641,107.228,129.6846667,A
IHYF,143.93,130.695,107.224,127.283,A
IHFY,140.238,142.497,111.83,131.5216667,A
HYIF,141.311,136.573,110.83,129.5713333,A
HFYI,148.964,128.881,107.985,128.61,A
HFIY,141.753,140.816,109.649,130.7393333,A
FYKH,167.857,136.243,120.297,141.4656667,A
FHYK,153.102,143.754,132.226,143.0273333,A
FHKY,152.119,135.186,120.635,135.98,A
YFKH,156.242,137.228,111.901,135.1236667,A
FYHL,139.238,132.643,113.197,128.3593333,A
FLYH,140.765,132.312,104.784,125.9536667,A
FLHY,156.831,126.673,120.122,134.542,A
YFHL,149.905,141.876,111.085,134.2886667,A
YLFH,143.548,130.95,103.703,126.067,A
YLHF,133.03,129.919,126.692,129.8803333,A
LYHF,149.972,130.748,110.412,130.3773333,A
LFYH,147.499,131.776,114.073,131.116,A
LFHY,141.819,129.013,114.072,128.3013333,A
HYFL,147.692,140.963,116,134.885,A
HLYF,141.336,126.134,112.316,126.5953333,A
HLFY,142.3,129.125,114.198,128.541,A
FYHI,144.174,161.803,112.54,139.5056667,A
FIYH,144.525,146.201,106.917,132.5476667,A
FIHY,149.444,136.836,117.243,134.5076667,A
YFHI,143.889,131.117,105.354,126.7866667,A
YIFH,144.113,137.071,90.8458,124.0099333,B
YIHF,157.75,121.856,110.612,130.0726667,A
IYHF,142.768,130.238,113.644,128.8833333,A
IFYH,141.042,141.97,106.95,129.9873333,A
IFHY,152.377,134.591,122.106,136.358,A
HYFI,140.509,141.528,113.414,131.817,A
HIYF,145.276,124.828,112.316,127.4733333,A
HIFY,159.9,137.508,114.198,137.202,A
FYHK,153.097,132.1,113.902,133.033,A
FKYH,147.022,140.631,124.703,137.452,A
FKHY,163.167,137.55,114.346,138.3543333,A
YFHK,158.21,132.568,105.949,132.2423333,A
YHFK,150.813,150.283,116.899,139.3316667,A
YHKF,165.806,129.581,126.631,140.6726667,A
KYFH,146.643,138.865,133.244,139.584,A
KHYF,151.887,138.193,109.476,133.1853333,A
KHFY,153.633,144.633,119.79,139.352,A
HYKF,152.654,149.209,123.247,141.7033333,A
HFYK,153.116,128.413,128.775,136.768,A
HFKY,148.651,150.592,129.849,143.0306667,A
FYEH,162.281,129.607,108.6,133.496,A
FHYE,144.738,138.826,113.255,132.273,A
FHEY,155.242,141.814,91.7215,129.5925,A
YFEH,152.91,125.805,117.815,132.1766667,A
YHFE,148.096,129.106,109.035,128.7456667,A
YHEF,156.529,138.585,130.291,141.8016667,A
EYFH,148.052,132.477,114.584,131.7043333,A
EHYF,145.178,153.616,117.098,138.6306667,A
EHFY,135.289,138.002,127.1,133.4636667,A
HYEF,153.542,132.492,120.945,135.6596667,A
HFYE,138.826,128.094,118.13,128.35,A
HFEY,133.864,113.609,117.764,121.7456667,B
FELH,127.477,126.519,121.833,125.2763333,A
FHEL,133.876,142.306,96.4282,124.2034,B
FHLE,134.266,141.503,89.6017,121.7902333,B
EFLH,134.473,105.778,111.164,117.1383333,B
EHFL,133.535,109.397,108.694,117.2086667,B
EHLF,123.413,101.625,109.78,111.606,B
LEFH,127.195,127.551,107.16,120.6353333,B
LHEF,132.859,122.447,103.014,119.44,B
LHFE,133.498,143.508,104.361,127.1223333,A
HELF,132.676,126.454,114.358,124.496,A
HFEL,139.415,104.239,101.967,115.207,B
HFLE,123.902,113.854,112.851,116.869,B
FILH,136.875,114.161,116.449,122.495,B
FHIL,122.606,125.192,90.0833,112.6271,B
FHLI,119.167,135.346,107.081,120.5313333,B
IFLH,131.141,105.687,110.182,115.67,B
IHFL,115.417,126.974,105.837,116.076,B
IHLF,122.715,99.3744,101.411,107.8334667,B
LIFH,121.4,103.365,97.7662,107.5104,B
LHIF,129.769,112.796,95.215,112.5933333,B
LHFI,113.415,130.671,87.3906,110.4922,B
HILF,129.193,121.49,100.07,116.9176667,B
HFIL,129.132,94.4324,95.9555,106.5066333,B
HFLI,123.662,117.949,104.288,115.2996667,B
FKLH,137.402,135.386,116.528,129.772,A
FHKL,133.876,142.306,96.4282,124.2034,B
FHLK,133.686,121.668,113.392,122.9153333,B
KFLH,134.16,149.344,115.143,132.8823333,A
KHFL,133.461,134.486,112.602,126.8496667,A
KHLF,135.507,120.042,116.481,124.01,B
LKFH,132.645,134.192,114.585,127.1406667,A
LHKF,132.521,124.189,122.367,126.359,A
LHFK,133.257,107.541,120.347,120.3816667,B
HKLF,122.675,107.083,95.4284,108.3954667,B
HFKL,135.501,134.195,128.597,132.7643333,A
HFLK,129.51,104.142,115.878,116.51,B
FEIH,132.355,139.509,87.3455,119.7365,B
YKFH,157.489,146.114,117.952,140.5183333,A
YKHF,152.69,137.771,116.789,135.75,A
KYHF,138.982,142.633,129.343,136.986,A
KFYH,142.949,139.254,122.899,135.034,A
KFHY,141.639,123.297,116.801,127.2456667,A
HYFK,147.454,145.135,133.644,142.0776667,A
HKYF,146.219,140.906,117.084,134.7363333,A
HKFY,161.642,157.54,117.598,145.5933333,A
FYHE,142.741,122.337,136.904,133.994,A
FEYH,148.355,128.493,96.8221,124.5567,A
FEHY,135.155,148.511,114.719,132.795,A
YFHE,134.507,124.353,126.16,128.34,A
YEFH,161.105,138.458,119.01,139.5243333,A
YEHF,164.601,136.717,133.588,144.9686667,A
EYHF,147.554,133.527,119.298,133.4596667,A
EFYH,141.33,142.779,126.621,136.91,A
EFHY,140.591,124.686,109.2,124.8256667,A
HYFE,142.741,148.513,139.2,143.4846667,A
HEYF,137.749,127.59,109.999,125.1126667,A
HEFY,145.255,131.9,103.326,126.827,A
FEHL,126.451,140.081,115.506,127.346,A
FLEH,142.446,143.269,117.184,134.2996667,A
FLHE,127.545,134.084,104.18,121.9363333,B
EFHL,128.28,119.78,116.419,121.493,B
ELFH,131.432,105.16,109.637,115.4096667,B
ELHF,132.729,110.813,103.905,115.8156667,B
LEHF,120.902,114.344,102.019,112.4216667,B
LFEH,124.658,117.68,108.649,116.9956667,B
LFHE,129.166,113.362,102.202,114.91,B
HEFL,131.682,119.073,87.0775,112.6108333,B
HLEF,145.796,100.575,113.102,119.8243333,B
HLFE,127.371,131.514,124.295,127.7266667,A
FIHL,124.439,130.675,88.773,114.629,B
FLIH,130.356,116.053,98.0278,114.8122667,B
FLHI,127.228,114.963,116.175,119.4553333,B
IFHL,130.578,104.981,104.146,113.235,B
ILFH,118.18,99.5207,91.8222,103.1743,B
ILHF,120.879,113.141,97.5025,110.5075,B
LIHF,134.092,103.245,87.2868,108.2079333,B
LFIH,141.9,124.566,106.752,124.406,A
LFHI,120.913,123.757,106.636,117.102,B
HIFL,139.301,101.522,102.285,114.3693333,B
HLIF,138.799,107.71,98.7514,115.0868,B
HLFI,123.022,98.8485,100.895,107.5885,B
FKHL,126.159,131.911,100.813,119.6276667,B
FLKH,134.34,142.974,122.951,133.4216667,A
FLHK,124.645,133.58,118.502,125.5756667,A
KFHL,132.756,115.263,106.127,118.0486667,B
KLFH,126.431,137.042,122.077,128.5166667,A
KLHF,132.103,127.27,110.849,123.4073333,B
LKHF,145.704,117.821,117.081,126.8686667,A
LFKH,129.782,126.216,125.354,127.1173333,A
LFHK,129.68,131.483,117.625,126.2626667,A
HKFL,133.412,132.376,106.353,124.047,B
HLKF,138.293,106.461,117.117,120.6236667,B
HLFK,129.505,126.301,112.392,122.7326667,B
FEHI,125.831,152.176,100.622,126.2096667,A
FHEI,135.226,136.356,95.0684,122.2168,B
FHIE,127.635,131.439,97.7617,118.9452333,B
EFIH,135.082,107.367,116.955,119.8013333,B
EHFI,121.104,125.999,107.701,118.268,B
EHIF,138.046,96.8886,115.013,116.6492,B
IEFH,124.504,128.373,104.663,119.18,B
IHEF,131.367,110.722,113.482,118.5236667,B
IHFE,132.728,103.87,97.6044,111.4008,B
HEIF,147.538,125.415,103.055,125.336,A
HFEI,127.264,100.11,115.721,114.365,B
HFIE,134.714,118.204,119.454,124.124,B
FEKH,138.367,141.802,130.278,136.8156667,A
FHEK,151.383,144.367,111.025,135.5916667,A
FHKE,141.93,144.625,125.454,137.3363333,A
EFKH,135.77,145.993,130.263,137.342,A
EHFK,128.028,134.678,127.539,130.0816667,A
EHKF,129.535,132.383,124.843,128.9203333,A
EKFH,138.88,123.704,125.714,129.4326667,A
KHEF,134.808,127.561,116.434,126.2676667,A
KHFE,130.873,127.79,130.368,129.677,A
HEKF,152.458,126.473,129.284,136.0716667,A
HFEK,123.701,119.643,120.76,121.368,B
HFKE,145.147,117.772,120.944,127.9543333,A
FIKH,147.637,124.673,129.33,133.88,A
FHIK,142.885,123.965,122.182,129.6773333,A
FHKI,133.79,119.965,102.697,118.8173333,B
IFKH,131.424,120.281,115.125,122.2766667,B
IHFK,126.282,115.128,117.972,119.794,B
IHKF,126.113,116.357,118.531,120.3336667,B
KIFH,141.394,114.857,124.717,126.9893333,A
KHIF,135.399,115.828,105,118.7423333,B
KHFI,136.785,119.816,106.383,120.9946667,B
HIKF,133.831,122.124,109.817,121.924,B
HFIK,145.205,108.815,125.2,126.4066667,A
HFKI,125.573,118.668,116.116,120.119,B
YELH,146.451,146.185,106.695,133.1103333,A
YHEL,137.217,156.585,117.379,137.0603333,A
YHLE,129.026,143.654,101.705,124.795,A
EYLH,149.786,133.593,127.361,136.9133333,A
EHYL,135.569,125.359,113.712,124.88,A
EHLY,136.91,126.188,119.807,127.635,A
LEYH,134.434,133.964,123.656,130.6846667,A
LHEY,129.18,137.218,133.078,133.1586667,A
LHYE,129.02,116.397,110.39,118.6023333,B
HELY,142.282,131.313,113.239,128.9446667,A
HYEL,143.891,121.284,109.201,124.792,A
HYLE,135.594,118.261,105.721,119.8586667,B
YILH,135.978,87.9257,103.951,109.2849,B
YHIL,129.196,93.5453,107.903,110.2147667,B
YHLI,126.569,110.655,101.282,112.8353333,B
IYLH,131.613,108.786,114.044,118.1476667,B
IHYL,127.979,94.7491,102.57,108.4327,B
IHLY,128.989,113.6,124.168,122.2523333,B
LIYH,126.233,101.61,100.919,109.5873333,B
LHIY,135.817,85.7611,106.236,109.2713667,B
LHYI,123.628,109.082,114.574,115.7613333,B
HILY,130.598,122.943,117.7,123.747,B
FIEH,137.91,127.986,92.1548,119.3502667,B
FIHE,125.869,150.022,91.4709,122.4539667,B
EFHI,118.728,101.574,107.567,109.2896667,B
EIFH,129.122,120.817,94.9936,114.9775333,B
EIHF,117.242,122.918,99.7077,113.2892333,B
IEHF,137.236,115.524,92.9578,115.2392667,B
IFEH,136.859,124.762,83.5368,115.0526,B
IFHE,123.987,115.041,103.457,114.1616667,B
HEFI,129.083,104.667,101.69,111.8133333,B
HIEF,134.032,109.385,105.344,116.2536667,B
HIFE,126.135,117.178,88.0787,110.4639,B
FEHK,133.36,151.752,119.807,134.973,A
FKEH,139.177,153.207,111.656,134.68,A
FKHE,139.376,155.061,137.342,143.9263333,A
EFHK,129.374,127.448,121.467,126.0963333,A
EKFH,123.998,136.448,123.714,128.0533333,A
EKHF,143.595,134.02,118.395,132.0033333,A
KEHF,143.554,128.573,125.383,132.5033333,A
KFEH,135.488,145.589,124.964,135.347,A
KFHE,145.282,122.727,135.192,134.4003333,A
HEFK,151.135,131.704,129.35,137.3963333,A
HKEF,142.769,150.162,122.333,138.4213333,A
HKFE,136.735,139.957,120.054,132.2486667,A
FIHK,125.462,137.102,112.446,125.0033333,A
FKIH,142.662,143.276,117.518,134.4853333,A
FKHI,138.679,129.805,104.904,124.4626667,A
IFHK,131.528,113.353,111.552,118.811,B
IKFH,132.452,116.094,121.937,123.4943333,B
IKHF,137.445,116.315,116.306,123.3553333,B
KIHF,135.339,111.068,113.275,119.894,B
KFIH,131.872,119.348,112.286,121.1686667,B
KFHI,125.852,118.253,108.846,117.6503333,B
HIFK,128.175,135.542,105.751,123.156,B
HKIF,126.306,120.767,116.859,121.3106667,B
HKFI,128.84,106.946,110.621,115.469,B
YEHL,128.303,114.382,118.846,120.5103333,B
YLEH,137.18,129.673,98.8066,121.8865333,B
YLHE,129.761,114.566,112.789,119.0386667,B
EYHL,128.756,124.759,118.51,124.0083333,B
ELYH,144.306,121.117,113.294,126.239,A
ELHY,136.836,127.654,116.948,127.146,A
LEHY,126.845,113.597,109.735,116.7256667,B
LYEH,132.711,120.485,117.161,123.4523333,B
LYHE,137.573,134.879,104.663,125.705,A
HEYL,133.43,120.327,112.722,122.1596667,B
HLEY,133.51,117.976,112.633,121.373,B
HLYE,140.261,117.996,123.906,127.3876667,A
YIHL,125.373,96.6461,104.954,108.9910333,B
YLIH,129.418,105.612,97.6074,110.8791333,B
YLHI,124.041,135.434,102.403,120.626,B
IYHL,140.571,112.916,100.423,117.97,B
ILYH,136.186,116.064,79.4469,110.5656333,B
ILHY,119.604,122.159,108.693,116.8186667,B
LIHY,121.742,110.969,110.947,114.5526667,B
LYIH,138.559,111.345,103.922,117.942,B
LYHI,121.327,126.391,117.532,121.75,B
HIYL,131.5,123.709,108.137,121.1153333,B
HYIL,138.464,107.313,96.7651,114.1807,B
HYLI,123.876,119.573,107.186,116.8783333,B
YKLH,148.185,115.74,125.837,129.9206667,A
YHKL,143.047,140.637,128.149,137.2776667,A
YHLK,129.249,126.231,124.872,126.784,A
KYLH,135.894,131.501,122.516,129.9703333,A
KHYL,133.121,118.801,110.802,120.908,B
KHLY,142.045,124.875,124.651,130.5236667,A
LKYH,128.451,118.897,112.576,119.9746667,B
LHKY,144.5,125.426,119.296,129.7406667,A
LHYK,135.589,117.378,128.297,127.088,A
HKLY,138.811,118.604,107.309,121.5746667,B
HYKL,138.027,131.223,123.178,130.8093333,A
HYLK,146.131,130.795,116.971,131.299,A
YEIH,133.057,120.459,129.93,127.8153333,A
YHEI,125.779,127.896,112.775,122.15,B
YHIE,126.231,138.308,112.454,125.6643333,A
EYIH,129.649,141.217,111.338,127.4013333,A
EHYI,128.247,126.635,118.713,124.5316667,A
EHIY,130.661,118.503,111.395,120.1863333,B
IEYH,126.914,109.277,107.06,114.417,B
IHEY,129.951,117.653,106.57,118.058,B
IHYE,127.185,129.727,111.428,122.78,B
HEIY,128.149,123.36,107.287,119.5986667,B
HYEI,140.274,116.388,115.567,124.0763333,B
HYIE,114.307,123.246,117.931,118.4946667,B
YEKH,142.05,143.036,138.96,141.3486667,A
YHEK,136.272,149.748,133.144,139.7213333,A
YHKE,143.197,138.503,127.078,136.2593333,A
EYKH,143.62,135.571,130.582,136.591,A
EHYK,139.945,141.441,120.091,133.8256667,A
EHKY,143.002,136.052,125.798,134.9506667,A
KEYH,140.54,130.219,130.85,133.8696667,A
KHEY,142.328,138.014,125.032,135.1246667,A
KHYE,140.27,141.809,129.92,137.333,A
HEKY,139.649,127.149,116.272,127.69,A
HYEK,134.595,130.478,121.562,128.8783333,A
HYKE,145.257,110.8,122.626,126.2276667,A
YIKH,147.314,138.876,125.762,137.3173333,A
YHIK,145.106,125.625,136.517,135.7493333,A
YHKI,142.328,113.757,120.835,125.64,A
IYKH,145.171,125.389,124.613,131.7243333,A
IHYK,150.899,108.185,125.784,128.2893333,A
IHKY,138.04,136.162,120.582,131.5946667,A
KIYH,127.709,121.037,132.832,127.1926667,A
KHIY,150.112,139.011,118.285,135.8026667,A
KHYI,134.72,115.642,126.047,125.4696667,A
HIKY,145.129,128.387,115.985,129.8336667,A
HYIK,139.55,138.611,116.682,131.6143333,A
HYKI,139.809,129.771,122.769,130.783,A
LEIH,127.965,102.818,96.5241,109.1023667,B
LHEI,121.641,103.344,104.1,109.695,B
LHIE,113.299,125.898,120.809,120.002,B
ELIH,118.891,95.7437,113.395,109.3432333,B
EHLI,124.455,112.103,103.123,113.227,B
EHIL,113.905,109.352,101.553,108.27,B
IELH,113.323,119.58,118.115,117.006,B
HLIY,131.334,103.237,106.092,113.5543333,B
HLYI,138.753,109.382,117.921,122.0186667,B
YKHL,141.387,129.114,123.916,131.4723333,A
YLKH,143.065,142.773,135.27,140.3693333,A
YLHK,146.435,140.25,126.549,137.7446667,A
KYHL,130.104,133.199,127.639,130.314,A
KLYH,143.202,103.695,119.041,121.9793333,B
KLHY,139.651,120.994,116.013,125.5526667,A
LKHY,139.594,117.241,128.728,128.521,A
LYKH,141.642,128.132,122.198,130.6573333,A
LYHK,138.724,141.949,110.566,130.413,A
HKYL,129.796,103.817,119.966,117.8596667,B
HLKY,147.118,137.911,110.304,131.7776667,A
HLYK,137.376,121.748,127.178,128.7673333,A
YEHI,131.381,133.794,126.621,130.5986667,A
YIEH,133.651,128.308,112.454,124.8043333,A
YIHE,131.53,145.136,126.792,134.486,A
EYHI,130.748,131.681,108.391,123.6066667,B
EIYH,132.648,109.528,108.716,116.964,B
EIHY,126.911,120.675,122.971,123.519,B
IEHY,138.563,116.719,111.57,122.284,B
IYEH,136.845,126.9,104.997,122.914,B
IYHE,132.752,116.337,102.913,117.334,B
HEYI,132.538,120.196,107.856,120.1966667,B
HIEY,151.186,126.645,118.63,132.1536667,A
HIYE,141.37,110.775,113.572,121.9056667,B
YEHK,144.13,138.421,136.222,139.591,A
YKEH,144.821,153.446,127.653,141.9733333,A
YKHE,142.442,149.345,121.134,137.6403333,A
EYHK,140.482,124.069,130.937,131.8293333,A
EKYH,132.812,127.678,127.932,129.474,A
EKHY,148.361,123.725,124.303,132.1296667,A
KEHY,141.102,136.252,121.139,132.831,A
KYEH,151.755,145.741,114.132,137.2093333,A
KYHE,147.315,129.987,109.358,128.8866667,A
HEYK,140.037,143.834,124.05,135.9736667,A
HKEY,133.291,116.559,127.571,125.807,A
HKYE,131.118,119.673,127.148,125.9796667,A
YIHK,139.692,145.125,128.564,137.7936667,A
YKIH,133.694,136.2,119.589,129.8276667,A
YKHI,141.138,146.515,115.46,134.371,A
IYHK,141.862,124.48,117.928,128.09,A
IKYH,133.647,121.617,132.23,129.1646667,A
IKHY,139.577,118.521,121.815,126.6376667,A
KIHY,133.688,129.933,116.322,126.6476667,A
KYIH,131.86,136.059,123.192,130.3703333,A
KYHI,134.004,126.985,121.331,127.44,A
HIYK,142.912,138.388,114.707,132.0023333,A
HKIY,133.886,123.875,122.728,126.8296667,A
HKYI,133.906,121.205,113.751,122.954,B
LEHI,120.043,126.873,93.9853,113.6337667,B
LIEH,122.457,119.113,99.1121,113.5607,B
LIHE,116.943,115.808,111.113,114.6213333,B
ELHI,126.57,110.022,101.63,112.7406667,B
EILH,126.048,105.727,94.6819,108.8189667,B
EIHL,119.212,115.048,93.6025,109.2875,B
IEHL,113.978,126.09,101.847,113.9716667,B
IHEL,107.319,115.275,104.816,109.1366667,B
IHLE,122.085,101.482,95.7724,106.4464667,B
HEIL,116.772,110.821,97.0227,108.2052333,B
HLEI,117.803,114.689,115.988,116.16,B
HLIE,130.565,104.113,103.163,112.6136667,B
LEKH,127.844,129.702,106.134,121.2266667,B
LHEK,134.413,119.693,107.229,120.445,B
LHKE,121.674,119.182,116.485,119.1136667,B
ELKH,113.714,113.067,105.28,110.687,B
EHLK,119.517,115.184,117.162,117.2876667,B
EHKL,135.002,131.913,127.516,131.477,A
KELH,139.757,120.368,118.278,126.1343333,A
KHEL,126.227,105.292,121.952,117.8236667,B
KHLE,132.196,138.4,118.321,129.639,A
HEKL,138.611,118.132,100.799,119.1806667,B
HLEK,123.486,109.213,112.516,115.0716667,B
HLKE,128.505,121.717,111.975,120.7323333,B
IEKH,123.532,118.156,102.811,114.833,B
IHEK,137.09,119.938,113.321,123.4496667,B
IHKE,117.344,110.701,104.742,110.929,B
EIKH,136.746,118.811,114.468,123.3416667,B
EHIK,129.242,109.252,116.46,118.318,B
EHKI,133.071,105.487,118.651,119.0696667,B
KEIH,122.803,119.04,112.833,118.2253333,B
KHEI,121.99,102.851,106.696,110.5123333,B
KHIE,130.959,121.415,108.022,120.132,B
HEKI,121.483,129.457,116.623,122.521,B
HIEK,131.775,109.408,111.148,117.4436667,B
HIKE,124.397,118.438,110.92,117.9183333,B
LIKH,137.504,138.276,112.519,129.433,A
LHIK,122.38,110.708,103.832,112.3066667,B
LHKI,121.141,130.21,107.323,119.558,B
ILKH,121.844,98.7324,97.6792,106.0852,B
IHLK,123.019,121.144,101.371,115.178,B
IHKL,110.666,96.7843,107.942,105.1307667,B
KILH,127.869,109.563,106.336,114.5893333,B
KHIL,130.344,123.57,96.8982,116.9374,B
KHLI,123.275,121.994,119.644,121.6376667,B
HIKL,127.522,116.094,123.157,122.2576667,B
HLIK,118.883,113.418,115.372,115.891,B
HLKI,125.17,122.81,112.923,120.301,B
ILEH,120.665,124.663,98.7159,114.6813,B
ILHE,109.255,112.331,103.852,108.4793333,B
HELI,127.546,99.3613,93.2929,106.7334,B
HIEL,123.906,113.466,117.981,118.451,B
HILE,120.38,101.559,122.603,114.8473333,B
LEHK,123.081,122.235,132.427,125.9143333,A
LKEH,128.794,136.936,102.924,122.8846667,B
LKHE,123.921,124.549,113.477,120.649,B
ELHK,119.82,117.605,115.745,117.7233333,B
EKLH,124.705,114.19,109.926,116.2736667,B
EKHL,130.42,105.291,104.758,113.4896667,B
KEHL,133.432,120.017,118.435,123.9613333,B
KLEH,132.638,127.765,109.015,123.1393333,B
KLHE,129.968,115.816,118.832,121.5386667,B
HELK,127.119,128.94,121.62,125.893,A
HKEL,118.676,110.928,128.505,119.3696667,B
HKLE,115.625,118.522,130.424,121.5236667,B
IEHK,119.171,124.59,114.189,119.3166667,B
IKEH,122.502,102.106,118.166,114.258,B
IKHE,122.299,130.012,112.516,121.609,B
EIHK,132.364,122.419,123.671,126.1513333,A
EKIH,118.704,94.4313,110.243,107.7927667,B
EKHI,125.294,111.825,112.427,116.5153333,B
KEHI,123.04,113.387,101.299,112.5753333,B
KIEH,125.746,117.472,106.646,116.6213333,B
KIHE,130.221,121.599,128.109,126.643,A
HEIK,123.525,129.121,113.727,122.1243333,B
HKEI,134.663,107.98,106.382,116.3416667,B
HKIE,130.713,113.087,106.778,116.8593333,B
LIHK,122.781,100.691,108.464,110.6453333,B
LKIH,123.642,103.448,101.938,109.676,B
LKHI,112.519,119.052,113.263,114.9446667,B
ILHK,119.654,91.238,107.674,106.1886667,B
IKLH,124.208,98.189,118.366,113.5876667,B
IKHL,126.239,111.363,110.385,115.9956667,B
KIHL,127.633,104.129,102.858,111.54,B
KLIH,135.212,112.248,115.034,120.8313333,B
KLHI,121.64,120.113,113.084,118.279,B
HILK,118.657,126.612,108.89,118.053,B
HKIL,126.951,122.493,112.135,120.5263333,B
HKLI,129.09,103.966,112.049,115.035,B